"Var2","C","C_1","C_2","L_s","L_1_s","L_2_s","K_s","K_1_s","I","I_1","Y","A","Case"
"1",0.00658052238815323,0.00471721699017642,0.00868980869675127,0.00374340372348535,0.00841110466263212,0,0.00191532401145474,0.00191532401145474,0.031922066857579,0.031922066857579,0.0124332124202309,0.01,"Non-Ricardian Agents omega Medium"
"2",0.00723129551386137,0.00562976987563218,0.00904424367858707,0.00321748492969159,0.00722941058275237,0,0.00354115770347927,0.00354115770347927,0.0290125522118635,0.0290125522118635,0.0122617286082746,0.0095,"Non-Ricardian Agents omega Medium"
"3",0.00775042886812964,0.00638053960601944,0.00930116159718304,0.00275212456858233,0.00618378606766962,0,0.00491156968369885,0.00491156968369885,0.0263813573738057,0.0263813573738056,0.0120532861657627,0.009025,"Non-Ricardian Agents omega Medium"
"4",0.0081545279530955,0.00698936380767695,0.00947350914741246,0.00234082926243051,0.00525964105878723,0,0.00605694329854573,0.00605694329854573,0.0240011299311469,0.0240011299311469,0.0118143384098416,0.00857375,"Non-Ricardian Agents omega Medium"
"5",0.0084583541744613,0.00747389993491908,0.0095727693697172,0.00197778081354862,0.00444390256870861,0,0.00700436134722181,0.00700436134722181,0.0218472441098137,0.0218472441098137,0.0115505501832655,0.0081450625,"Non-Ricardian Agents omega Medium"
"6",0.00867501958857117,0.00784985446747652,0.00960911739891801,0.0016577669930792,0.00372485916963066,0,0.00777795128549564,0.00777795128549564,0.0198975269851191,0.0198975269851191,0.0112668843919978,0.007737809375,"Non-Ricardian Agents omega Medium"
"7",0.0088161615405688,0.00813118849164817,0.00959156007449444,0.00137611937613483,0.00309202131427546,0,0.00839919494548898,0.00839919494548899,0.0181320122853847,0.0181320122853847,0.0109676794506306,0.00735091890625,"Non-Ricardian Agents omega Medium"
"8",0.00889209924810688,0.00833030207553098,0.00952806106392628,0.0011286575082878,0.00253599588281783,0,0.00888720638888906,0.00888720638888906,0.016532719002157,0.0165327190021569,0.0106567185722161,0.0069833729609375,"Non-Ricardian Agents omega Medium"
"9",0.00891197417625232,0.0084581996038139,0.00942565298267533,0.000911638760843333,0.00204837351201763,0,0.00925898114371823,0.00925898114371823,0.0150834523027086,0.0150834523027086,0.0103372917435212,0.00663420431289063,"Non-Ricardian Agents omega Medium"
"10",0.00888387586157848,0.00852463801756429,0.0092905378434158,0.000721713297430939,0.00162162740904245,0,0.00952961974470987,0.00952961974470987,0.013769624493579,0.013769624493579,0.0100122511408497,0.0063024940972461,"Non-Ricardian Agents omega Medium"
"11",0.00881495467481054,0.00853825970668609,0.00912817703146587,0.000555883632960207,0.00124902248393608,0,0.0097125282007101,0.0097125282007101,0.0125780940113804,0.0125780940113804,0.00968406066442943,0.00598736939238379,"Non-Ricardian Agents omega Medium"
"12",0.008711522859868,0.00850671162503062,0.00894337188148228,0.000411468318574743,0.000924533752848343,0,0.00981959774596216,0.00981959774596216,0.0114970206215779,0.0114970206215779,0.00935484020006069,0.0056880009227646,"Non-Ricardian Agents omega Medium"
"13",0.00857914505099503,0.00843675203846169,0.00874033582095831,0.000286069333502287,0.000642773070340363,0,0.00986136599258992,0.00986136599258992,0.0105157351897581,0.0105157351897581,0.0090264051544645,0.00540360087662637,"Non-Ricardian Agents omega Medium"
"14",0.00842271934732977,0.00833434617269301,0.00852275894766101,0.000177542807177751,0.000398923344525157,0,0.00984716138634227,0.00984716138634227,0.00962462255512916,0.00962462255512916,0.00870030175484285,0.00513342083279505,"Non-Ricardian Agents omega Medium"
"15",0.00824654991433703,0.00820475189878599,0.00829386581972973,8.39727331937985e-05,0.00018867947458625,0,0.00978523267423284,0.00978523267423284,0.00881501618451857,0.00881501618451856,0.00837783855292775,0.0048767497911553,"Non-Ricardian Agents omega Medium"
"16",0.00805441198275949,0.0080525964783472,0.00805646715772124,3.64737094582859e-06,8.19532731331524e-06,0,0.00968286491889775,0.00968286491889775,0.00807910341864809,0.00807910341864808,0.00806011452867139,0.00463291230159754,"Non-Ricardian Agents omega Medium"
"17",0.00784961002699786,0.00788194528637102,0.00781300608651939,-6.49619383241563e-05,-0.000145963861416549,0,0.00954648343831271,0.00954648343831271,0.00740984024248052,0.00740984024248052,0.00774804414819961,0.00440126668651766,"Non-Ricardian Agents omega Medium"
"18",0.007635029825097,0.0076963633361436,0.00756559948090902,-0.000123219786665468,-0.000276864212010432,0,0.0093817469091731,0.0093817469091731,0.0068008746193192,0.0068008746193192,0.00744237969424796,0.00418120335219178,"Non-Ricardian Agents omega Medium"
"19",0.00741318503087763,0.00749897034658961,0.00731607492101238,-0.00017234376641114,-0.000387241549216624,0,0.00919363074614205,0.00919363074614205,0.00624647752532238,0.00624647752532238,0.00714373115460565,0.00397214318458219,"Non-Ricardian Agents omega Medium"
"20",0.00718625882439319,0.00729249001693978,0.00706600371203864,-0.000213419787312278,-0.000479535818401799,0,0.00898650175587,0.00898650175587001,0.00574148090827466,0.00574148090827466,0.00685258392473075,0.00377353602535308,"Non-Ricardian Agents omega Medium"
"21",0.0069561411490696,0.00707929410576262,0.00681673037631169,-0.000247415821983973,-0.000555921970380108,0,0.0087641849628874,0.00876418496288741,0.00528122187282675,0.00528122187282675,0.00656931455433206,0.00358485922408543,"Non-Ricardian Agents omega Medium"
"22",0.00672446199194031,0.0068614418504582,0.00656939898378331,-0.000275194239752502,-0.000618337674501953,0,0.008530023413006,0.00853002341300601,0.00486149246486409,0.00486149246486409,0.00629420474403511,0.00340561626288115,"Non-Ricardian Agents omega Medium"
"23",0.00649262111672414,0.00664071520855966,0.00632497664972903,-0.000297522872745235,-0.000668508183201662,0,0.00828693167768536,0.00828693167768536,0.0044784944909953,0.0044784944909953,0.00602745377698802,0.0032353354497371,"Non-Ricardian Agents omega Medium"
"24",0.00626181461757305,0.00641865035299946,0.00608427449463184,-0.000315084943462635,-0.000707968638393851,0,0.00803744370898915,0.00803744370898915,0.00412879886608185,0.00412879886608185,0.00576918955117335,0.00307356867725024,"Non-Ricardian Agents omega Medium"
"25",0.00603305862366113,0.00619656580930947,0.00584796633099675,-0.000328487969949229,-0.000738084080623014,0,0.00778375562842433,0.00778375562842433,0.00380930903290898,0.00380930903290898,0.00551947836105157,0.00291989024338773,"Non-Ricardian Agents omega Medium"
"26",0.00580721045096061,0.00597558758302906,0.00561660531465895,-0.00033827175288781,-0.000760067395373942,0,0.00752776397336518,0.00752776397336518,0.00351722804410521,0.0035172280441052,0.00527833356177509,0.00277389573121834,"Non-Ricardian Agents omega Medium"
"27",0.00558498746716916,0.00575667158993838,0.00539063877373758,-0.000344915538343542,-0.000774995407138722,0,0.00727109987122988,0.00727109987122988,0.00325002893777691,0.00325002893777691,0.0050457232353979,0.00263520094465743,"Non-Ricardian Agents omega Medium"
"28",0.00536698390846326,0.00554062366970454,0.00517042140646432,-0.00034884444036136,-0.000783823310438081,0,0.00701515956348643,0.00701515956348643,0.00300542807550568,0.00300542807550567,0.00482157696610671,0.00250344089742456,"Non-Ricardian Agents omega Medium"
"29",0.00515368586224373,0.00532811743475972,0.00495622701942885,-0.000350435199062091,-0.00078739760776572,0,0.00676113165836408,0.00676113165836408,0.00278136114478074,0.00278136114478074,0.0046057918203704,0.00237826885255333,"Non-Ricardian Agents omega Medium"
"30",0.00494548460802705,0.00511971018039021,0.00474825896010466,-0.000350021342192393,-0.000786467707144996,0,0.00651002145234152,0.00651002145234152,0.00257596155798803,0.00257596155798802,0.0043982376179158,0.00225935540992566,"Non-Ricardian Agents omega Medium"
"31",0.00474268848886872,0.0049158570588076,0.00454665938164443,-0.000347897811173174,-0.000781696316459922,0,0.00626267262562646,0.00626267262562646,0.0023875410070906,0.0023875410070906,0.00419876157047466,0.00214638763942938,"Non-Ricardian Agents omega Medium"
"32",0.00454553346795228,0.00471692369913074,0.00435151746368122,-0.000344325106481406,-0.000773668757769862,0,0.00601978658553414,0.00601978658553414,0.00221457195742113,0.00221457195742113,0.00400719235720311,0.00203906825745791,"Non-Ricardian Agents omega Medium"
"33",0.00435419250903773,0.00452319743648873,0.00416287670007529,-0.000339533001620433,-0.000762901312279867,0,0.00578193970355246,0.00578193970355247,0.00205567188583968,0.00205567188583968,0.00382334369845804,0.00193711484458502,"Non-Ricardian Agents omega Medium"
"34",0.004168783905149,0.00433489729664657,0.00398074135305794,-0.000333723869920093,-0.000749848695373023,0,0.00554959866662764,0.00554959866662764,0.00190958908813872,0.00190958908813872,0.00364701748314092,0.00184025910235576,"Non-Ricardian Agents omega Medium"
"35",0.00398937866702953,0.00415218286746097,0.00380508216291102,-0.000327075663902852,-0.0007349107509887,0,0.00532313414052339,0.00532313414052339,0.00177518989822353,0.00177518989822353,0.00347800649901112,0.00174824614723798,"Non-Ricardian Agents omega Medium"
"36",0.00381600707135642,0.00397516217492134,0.0036358413930637,-0.000319744582904299,-0.000718438445535257,0,0.00510283292273965,0.00510283292273965,0.00165144717746116,0.00165144717746116,0.00331609681016224,0.00166083383987608,"Non-Ricardian Agents omega Medium"
"37",0.00364866445834605,0.0038038986693623,0.00347293728217936,-0.000311867460999262,-0.000700739233353664,0,0.00488890874418655,0.00488890874418655,0.00153742994685469,0.00153742994685469,0.00316106982118284,0.00157779214788227,"Non-Ricardian Agents omega Medium"
"38",0.0034873163590855,0.00363841741650943,0.00331626796734841,-0.000303563904017045,-0.000682081858406061,0,0.00468151186238674,0.00468151186238674,0.00143229404752294,0.00143229404752294,0.00301270406333399,0.00149890254048816,"Non-Ricardian Agents omega Medium"
"39",0.00333190302457829,0.00347871057821235,0.00316571493581124,-0.000294938201493268,-0.000662700650266312,0,0.00448073757423326,0.00448073757423326,0.00133527372649554,0.00133527372649554,0.0028707767343205,0.00142395741346375,"Non-Ricardian Agents omega Medium"
"40",0.00318234342100178,0.00332474225891552,0.00302114605663098,-0.000286081036768025,-0.000642799366562773,0,0.00428663376309121,0.00428663376309121,0.00124567405519914,0.00124567405519913,0.00273506501986538,0.00135275954279056,"Non-Ricardian Agents omega Medium"
"1",0.00764981159377043,0.00328991667768786,0.00909951262503842,0.00257282106223684,0.0229535996467236,0,0.00150401505763438,0.00150401505763438,0.0250669176272396,0.0250669176272396,0.0116723336855429,0.01,"Non-Ricardian Agents omega Low"
"2",0.0079753269774344,0.00417031892135154,0.00924052354961295,0.00224537633523183,0.0200322790463848,0,0.00280431890251036,0.00280431890251036,0.0231757458055674,0.0231757458055674,0.0114858998832401,0.0095,"Non-Ricardian Agents omega Low"
"3",0.00822407107261567,0.00491741981074051,0.00932355989898657,0.00195129061038602,0.0174085730728131,0,0.00392207766239109,0.0039220776623911,0.0214336315671892,0.0214336315671892,0.0112748505078857,0.009025,"Non-Ricardian Agents omega Low"
"4",0.00840505147909225,0.00554551304296373,0.00935587160196135,0.00168744450459228,0.0150546519355744,0,0.00487646092487273,0.00487646092487273,0.0198284653704183,0.0198284653704183,0.0110433161051754,0.00857374999999999,"Non-Ricardian Agents omega Low"
"5",0.0085263837487942,0.00606752580257738,0.00934397430292042,0.00145099862148844,0.012945183765192,0,0.00568482173171142,0.00568482173171142,0.0183491410388508,0.0183491410388508,0.010794972923131,0.00814506249999999,"Non-Ricardian Agents omega Low"
"6",0.00859537372647495,0.00649514278258378,0.0092937178434464,0.0012393689554459,0.0110571151781432,0,0.00636286072354311,0.0063628607235431,0.0169854715955728,0.0169854715955728,0.0105330867977071,0.00773780937499999,"Non-Ricardian Agents omega Low"
"7",0.00861859254880442,0.00683891924549345,0.00921034860549586,0.00105020443079094,0.00936947089148022,0,0.00692477581276495,0.00692477581276495,0.0157281122105738,0.0157281122105738,0.0102605530351871,0.00735091890624999,"Non-Ricardian Agents omega Low"
"8",0.00860194494448393,0.00710838407906968,0.00909856625498057,0.000881366392132294,0.00786317074438138,0,0.00738339864344873,0.00738339864344872,0.0145684896574945,0.0145684896574945,0.00997993264609221,0.00698337296093749,"Non-Ricardian Agents omega Low"
"9",0.0085507314223109,0.00731213371890051,0.00896257537784678,0.00073090987748586,0.00652086262504745,0,0.00775031898847635,0.00775031898847635,0.0134987377272425,0.0134987377272425,0.009693485254385,0.00663420431289062,"Non-Ricardian Agents omega Low"
"10",0.0084697048832446,0.00745791773456051,0.0088061324580149,0.000597066520347761,0.00532676993037363,0,0.00803599813474922,0.00803599813474922,0.0125116380930241,0.0125116380930241,0.0094031989774825,0.00630249409724608,"Non-Ricardian Agents omega Low"
"11",0.00836312214603105,0.00755271680722648,0.00863258860749928,0.000478228940089016,0.00426655230378442,0,0.00824987221652566,0.00824987221652566,0.0116005661643565,0.0116005661643565,0.00911081754677054,0.00598736939238378,"Non-Ricardian Agents omega Low"
"12",0.00823479083345893,0.00760281376364073,0.00844492842335213,0.000372936492132659,0.00332717850446095,0,0.00840044637395211,0.0084004463739521,0.0107594415069664,0.0107594415069664,0.00881786491472473,0.00568800092276459,"Non-Ricardian Agents omega Low"
"13",0.00808811202749534,0.00761385827376512,0.00824580531348012,0.000279862260425768,0.00249681035978773,0,0.00849538053800341,0.00849538053800341,0.00998268244147378,0.00998268244147378,0.00852566757319921,0.00540360087662636,"Non-Ricardian Agents omega Low"
"14",0.00792611906607559,0.00759092576687198,0.0080375736036006,0.000197801184822634,0.0017646968429869,0,0.00854156757372429,0.00854156757372429,0.00926516446668467,0.00926516446668467,0.00823537478776596,0.00513342083279504,"Non-Ricardian Agents omega Low"
"15",0.00775151282190715,0.00753857107275108,0.00782231771039491,0.000125659225232452,0.00112107740031828,0,0.00854520445030688,0.00854520445030688,0.00860218218343406,0.00860218218343406,0.00794797693501581,0.00487674979115529,"Non-Ricardian Agents omega Low"
"16",0.00756669377403158,0.00746087725078495,0.00760187864105899,6.24434728297917e-05,0.0005570937275651,0,0.00851185704863688,0.00851185704863687,0.00798941442247338,0.00798941442247339,0.00766432211331957,0.00463291230159752,"Non-Ricardian Agents omega Low"
"17",0.00737379115582946,0.00736150002950276,0.00737787805674203,7.25312634643704e-06,6.47092644024596e-05,0,0.00844651916402477,0.00844651916402476,0.00742289230510164,0.00742289230510164,0.00738513118255848,0.00440126668651765,"Non-Ricardian Agents omega Low"
"18",0.00717468943843163,0.00724370824254148,0.0071517401166198,-4.07287414789653e-05,-0.000363364261787118,0,0.00835366621348111,0.00835366621348111,0.00689896998829716,0.00689896998829716,0.00711101137464718,0.00418120335219176,"Non-Ricardian Agents omega Low"
"19",0.00697105238591498,0.00711042061342389,0.00692471130039927,-8.22426957647838e-05,-0.000733733853522728,0,0.0082373041127043,0.00823730411270429,0.00641429786720088,0.00641429786720088,0.00684246860417452,0.00397214318458217,"Non-Ricardian Agents omega Low"
"20",0.00676434489802861,0.00696423921093521,0.00669787838974274,-0.000117959792236855,-0.00105238638050842,0,0.00810101374756801,0.008101013747568,0.00596579802709939,0.00596579802709939,0.00657991859707715,0.00377353602535306,"Non-Ricardian Agents omega Low"
"21",0.00655585283734842,0.00680747986889537,0.00647218477328961,-0.000148487828046514,-0.00132474434673521,0,0.00794799142799652,0.00794799142799652,0.00555064175470985,0.00555064175470985,0.00632369694484331,0.00358485922408541,"Non-Ricardian Agents omega Low"
"22",0.00634670102054159,0.00664219983855443,0.00624844522551509,-0.000174377042908291,-0.00155571675357224,0,0.00778108567839994,0.00778108567839994,0.00516622893472015,0.00516622893472015,0.0060740681822339,0.00340561626288114,"Non-Ricardian Agents omega Low"
"23",0.00613786953769639,0.00647022291847755,0.00602735929647783,-0.000196125318303632,-0.00174974548481948,0,0.00760283068803475,0.00760283068803474,0.00481016917231329,0.00481016917231329,0.00583123397782624,0.00323533544973708,"Non-Ricardian Agents omega Low"
"24",0.00593020854930942,0.00629316228544305,0.00580952343746542,-0.000214182918378393,-0.00191084760295009,0,0.00741547671650805,0.00741547671650805,0.00448026449592317,0.00448026449592318,0.00559534051876222,0.00307356867725023,"Non-Ricardian Agents omega Low"
"25",0.0057244516974035,0.00611244123037838,0.0055954419765499,-0.000228956812397087,-0.00204265391218255,0,0.00722101772392779,0.00722101772392778,0.00417449350683687,0.00417449350683687,0.00536648516384951,0.00291989024338772,"Non-Ricardian Agents omega Low"
"26",0.00552122825526894,0.00592931198554695,0.00538553704802323,-0.00024081461517562,-0.00214844411332167,0,0.00702121647170651,0.00702121647170651,0.00389099685357323,0.00389099685357323,0.00514472243256428,0.00277389573121833,"Non-Ricardian Agents omega Low"
"27",0.00532107412937958,0.00574487281292715,0.00518015757051422,-0.000250088178768788,-0.00223117884724511,0,0.00681762731856336,0.00681762731856336,0.00362806391932058,0.00362806391932058,0.00493006939148068,0.00263520094465741,"Non-Ricardian Agents omega Low"
"28",0.005124441817044,0.00556008350886183,0.00497958736021707,-0.000257076865813829,-0.00229352889826243,0,0.00661161691666083,0.00661161691666082,0.00338412062018773,0.00338412062018773,0.00472251049415576,0.00250344089742454,"Non-Ricardian Agents omega Low"
"29",0.00493170941422953,0.00537577946648064,0.00478405245801965,-0.000262050532303513,-0.00233790180512992,0,0.00640438299490251,0.0064043829949025,0.00315771822068884,0.00315771822068885,0.00452200192548471,0.00237826885255331,"Non-Ricardian Agents omega Low"
"30",0.00474318875966654,0.00519268442499787,0.00459372774234302,-0.000265252245160545,-0.00236646610607707,0,0.00619697140005707,0.00619697140005707,0.00294752308081192,0.00294752308081192,0.00432847549696599,0.00225935540992565,"Non-Ricardian Agents omega Low"
"31",0.00455913279373609,0.00501142202366378,0.00440874289313575,-0.00026690075778995,-0.00238117342461707,0,0.00599029155143018,0.00599029155143018,0.00275230725627549,0.00275230725627549,0.00414184213514321,0.00214638763942936,"Non-Ricardian Agents omega Low"
"32",0.00437974220370075,0.00483252626780486,0.00422918776665409,-0.000267192764779951,-0.0023837785850154,0,0.00578513045115738,0.00578513045115737,0.00257093988021676,0.00257093988021676,0.0039619950016845,0.0020390682574579,"Non-Ricardian Agents omega Low"
"33",0.0042051714205009,0.00465645100494363,0.00405511723535447,-0.00026630495508839,-0.00237585792993337,0,0.00558216537972562,0.00558216537972562,0.00240237926062809,0.0024023792606281,0.00378881228008851,0.001937114844585,"Non-Ricardian Agents omega Low"
"34",0.00403553402655351,0.00448357850036443,0.00388655554238371,-0.000264395881376156,-0.00235882599781453,0,0.00538197539494711,0.00538197539494711,0.00224566563341705,0.00224566563341705,0.00362215966084121,0.00184025910235575,"Non-Ricardian Agents omega Low"
"35",0.00387090762871052,0.00431422719361606,0.003723500215735,-0.000261607661617865,-0.0023339507039212,0,0.00518505174221333,0.00518505174221332,0.00209991451605068,0.00209991451605068,0.00346189255396127,0.00174824614723796,"Non-Ricardian Agents omega Low"
"36",0.00371133824571456,0.00414865871025254,0.00356592558310733,-0.000258067527720737,-0.00230236715644392,0,0.00499180727436446,0.00499180727436445,0.00196431061139879,0.0019643106113988,0.00330785805524048,0.00166083383987606,"Non-Ricardian Agents omega Low"
"37",0.00355684425509262,0.00398708419654833,0.00341378592482868,-0.000253889234603923,-0.00226509022769946,0,0.00480258497084155,0.00480258497084155,0.00183810221564937,0.00183810221564937,0.00315989669008776,0.00157779214788226,"Non-Ricardian Agents omega Low"
"38",0.00340741994041511,0.00382967003893197,0.00326701829884919,-0.00024917434202213,-0.00222302599000819,0,0.00461766563787504,0.00461766563787504,0.00172059608806635,0.00172059608806635,0.00301784395669856,0.00149890254048815,"Non-Ricardian Agents omega Low"
"39",0.00326303867618677,0.00367654302441126,0.0031255450687506,-0.000244013380349762,-0.00217698211631729,0,0.00443727486423812,0.00443727486423812,0.00161115274392638,0.00161115274392639,0.00288153168828027,0.00142395741346374,"Non-Ricardian Agents omega Low"
"40",0.0031236557842956,0.00352779499327021,0.00298927616292786,-0.000238486910566242,-0.00212767733693258,0,0.00426158930049793,0.00426158930049793,0.00150918213523482,0.00150918213523482,0.00275078925224846,0.00135275954279055,"Non-Ricardian Agents omega Low"
"1",0.00598321830033925,0.00541099864214468,0.00846094827064551,0.00439728992769156,0.00565188392357864,0,0.00214508116917872,0.00214508116917871,0.0357513528196451,0.0357513528196451,0.0128582379825481,0.01,"Non-Ricardian Agents omega High"
"2",0.00682827990212424,0.00634072019823589,0.00893942948137729,0.00374671045363203,0.00481568714532428,0,0.00394790925715046,0.00394790925715045,0.0321922159687078,0.0321922159687078,0.0126861397399186,0.0095,"Non-Ricardian Agents omega High"
"3",0.00750573597696702,0.00709246292426136,0.00929522190941395,0.00317584585947374,0.00408194875749097,0,0.00545134165038293,0.00545134165038292,0.029005115811025,0.029005115811025,0.0124710675923748,0.00902499999999999,"Non-Ricardian Agents omega High"
"4",0.0080376994761982,0.0076895311225675,0.00954527991694151,0.00267554106683775,0.00343890163961073,0,0.0066932724660078,0.00669327246600779,0.0261501885774642,0.0261501885774642,0.0122208208239487,0.00857374999999999,"Non-Ricardian Agents omega High"
"5",0.0084436732545907,0.00815248573696902,0.00970452479832603,0.00223766506481243,0.00287609491611881,0,0.00770718969718354,0.00770718969718353,0.0235918929856036,0.0235918929856036,0.0119421897182954,0.00814506249999999,"Non-Ricardian Agents omega High"
"6",0.00874084539134842,0.00849945441024512,0.00978607629153868,0.00185499766551035,0.002384248402056,0,0.00852267065144831,0.00852267065144831,0.02129853893493,0.02129853893493,0.0116410738256776,0.00773780937499999,"Non-Ricardian Agents omega High"
"7",0.00894435168902149,0.00874640709827488,0.00980145828773624,0.00152112871860215,0.00195512306242757,0,0.00916582247573764,0.00916582247573763,0.0192418677229372,0.0192418677229372,0.0113225868870826,0.00735091890624999,"Non-Ricardian Agents omega High"
"8",0.00906750896953473,0.00890740103795757,0.00976078158761313,0.00123036841727696,0.00158140572749191,0,0.00965967381580136,0.00965967381580135,0.0173966781434666,0.0173966781434666,0.0109911498965365,0.00698337296093749,"Non-Ricardian Agents omega High"
"9",0.00912202238885234,0.00899479844888743,0.00967290623997008,0.000977667478029525,0.00125660649898448,0,0.0100245229936183,0.0100245229936183,0.0157404934460832,0.0157404934460832,0.0106505736194619,0.00663420431289061,"Non-Ricardian Agents omega High"
"10",0.00911816963776229,0.0090194599773383,0.00954558571913728,0.000758546110190523,0.000974967453893002,0,0.010278247495107,0.010278247495107,0.0142532646850979,0.0142532646850979,0.0103041317396334,0.00630249409724608,"Non-Ricardian Agents omega High"
"11",0.00906496458106595,0.00899091656044509,0.00938559494967829,0.000569030809999776,0.000731381405201651,0,0.0104365790339876,0.0104365790339876,0.0129171064764501,0.0129171064764501,0.00995462567795574,0.00598736939238377,"Non-Ricardian Agents omega High"
"12",0.00897030260684411,0.0089175220940802,0.00919884396583185,0.000405598119875186,0.000521319615075947,0,0.0105133479889466,0.0105133479889466,0.0117160616166377,0.0117160616166377,0.00960444201117613,0.00568800092276458,"Non-Ricardian Agents omega High"
"13",0.00884108970764837,0.00880658902583592,0.00899047879643361,0.000265124587781323,0.000340767477102327,0,0.0105207005939761,0.0105207005939761,0.0106358914061062,0.0106358914061062,0.00925560331617568,0.00540360087662635,"Non-Ricardian Agents omega High"
"14",0.0086833570930611,0.0086645087611975,0.00876497099094089,0.00014484224552191,0.000186167292059784,0,0.0104692918902506,0.0104692918902506,0.00966388886521722,0.00966388886521722,0.00890981317428771,0.00513342083279503,"Non-Ricardian Agents omega High"
"15",0.00850236293507217,0.00849685856327281,0.00852619704629097,4.22989995018685e-05,5.43673577413353e-05,0,0.0103684571171609,0.0103684571171609,0.00878871233875611,0.00878871233875611,0.00856849598891894,0.00487674979115528,"Non-Ricardian Agents omega High"
"16",0.00830268267145897,0.00830849644152567,0.00827750885555027,-4.46766059646955e-05,-5.74233211442692e-05,0,0.0102263639256754,0.0102263639256754,0.00800023725907005,0.00800023725907005,0.00823283219750764,0.00463291230159751,"Non-Ricardian Agents omega High"
"17",0.00808828913544602,0.00810364536034081,0.00802179617577974,-0.000118006733486632,-0.000151675320821622,0,0.0100501475350569,0.0100501475350569,0.00728942408203367,0.00728942408203367,0.00790378939455746,0.00440126668651764,"Non-Ricardian Agents omega High"
"18",0.00786262364023865,0.00788596795170297,0.00776154200257906,-0.000179392133510651,-0.000230574634087724,0,0.00984603072059825,0.00984603072059825,0.00664820062741263,0.00664820062741263,0.00758214982526748,0.00418120335219175,"Non-Ricardian Agents omega High"
"19",0.00762865902268306,0.00765863278581983,0.00749887164089136,-0.000230336942300414,-0.000296054543420564,0,0.00961943031228825,0.00961943031228824,0.00606935724876501,0.00606935724876502,0.00726853465835842,0.00397214318458216,"Non-Ricardian Agents omega High"
"20",0.0073889555396199,0.00742437313739177,0.00723559617452488,-0.000272170736148743,-0.00034982396749471,0,0.00937505169937439,0.00937505169937438,0.00554645343039082,0.00554645343039082,0.0069634254013826,0.00377353602535306,"Non-Ricardian Agents omega High"
"21",0.00714571041197229,0.0071855390818612,0.00697325095929886,-0.00030606814376379,-0.000393392669191678,0,0.00911697267115204,0.00911697267115203,0.00507373456233543,0.00507373456233543,0.0066671827814841,0.0035848592240854,"Non-Ricardian Agents omega High"
"22",0.00690080172390922,0.00694414366396047,0.0067131296956971,-0.000333066285623958,-0.000428093670589917,0,0.0088487177777513,0.00884871777775129,0.00464605778113992,0.00464605778113992,0.00638006337869789,0.00340561626288113,"Non-Ricardian Agents omega High"
"23",0.00665582730636198,0.006701903798974,0.00645631457547884,-0.000354080279584789,-0.000455103182487717,0,0.00857332426423127,0.00857332426423127,0.00425882588575099,0.00425882588575099,0.00610223426695412,0.00323533544973707,"Non-Ricardian Agents omega High"
"24",0.00641213916468963,0.00646027649422955,0.00620370294201965,-0.000369917025745991,-0.000475458322240687,0,0.00829340051516108,0.00829340051516107,0.00390792844639496,0.00390792844639496,0.00583378588955235,0.00307356867725022,"Non-Ricardian Agents omega High"
"25",0.00617087394844635,0.00622049091344585,0.0059560308554936,-0.000381287460192998,-0.000490072863627267,0,0.00801117784349607,0.00801117784349607,0.00358968932074451,0.00358968932074451,0.00557474337060244,0.00291989024338771,"Non-Ricardian Agents omega High"
"26",0.00593297990616139,0.00598357674881152,0.00571389391070177,-0.000388817446399665,-0.00049975123568547,0,0.00772855636554601,0.007728556365546,0.00330081987766182,0.00330081987766182,0.00532507644145067,0.00277389573121832,"Non-Ricardian Agents omega High"
"27",0.00569924071905466,0.0057503893142697,0.00547776561681292,-0.000393057454535268,-0.000505200963630009,0,0.00744714562193405,0.00744714562193405,0.00303837730534697,0.00303837730534697,0.00508470814111358,0.0026352009446574,"Non-Ricardian Agents omega High"
"28",0.00547029656401352,0.00552163172773633,0.00524801361398712,-0.000394491162409692,-0.000507043723739445,0,0.00716830053155108,0.00716830053155107,0.00279972744888458,0.00279972744888458,0.00485352243195667,0.00250344089742453,"Non-Ricardian Agents omega High"
"29",0.00524666271735682,0.00529787450926872,0.00502491397133582,-0.000393543097092517,-0.000505825165211173,0,0.00689315320063107,0.00689315320063106,0.00258251168288444,0.00258251168288444,0.00463137085603554,0.00237826885255331,"Non-Ricardian Agents omega High"
"30",0.00502874597638468,0.00507957288596989,0.00480866378351724,-0.000390585423156144,-0.000502023635163154,0,0.0066226410513313,0.0066226410513313,0.0023846173789685,0.00238461737896851,0.00441807834344837,0.00225935540992564,"Non-Ricardian Agents omega High"
"31",0.00481685914498742,0.00486708206217347,0.00459939225910532,-0.000385943971843293,-0.000496057927987592,0,0.00635753168281124,0.00635753168281123,0.00220415157599699,0.00220415157599699,0.00421344827153743,0.00214638763942936,"Non-Ricardian Agents omega High"
"32",0.00461123380224661,0.00466067068476393,0.00439717047237401,-0.00037990359508786,-0.000488294166931368,0,0.00609844483207033,0.00609844483207033,0.00203941750379636,0.00203941750379636,0.00401726686265277,0.00203906825745789,"Non-Ricardian Agents omega High"
"33",0.0044120315486345,0.00446053270795838,0.00420201993101453,-0.000372712919084925,-0.0004790519139106,0,0.00584587176110594,0.00584587176110594,0.00188889364933061,0.00188889364933061,0.00382930699829946,0.00193711484458499,"Non-Ricardian Agents omega High"
"34",0.00421935390277321,0.00426679783916202,0.00401392009528968,-0.000364588563886061,-0.000468609593001745,0,0.00560019236073499,0.00560019236073499,0.00175121508825684,0.00175121508825684,0.00364933151869679,0.00184025910235574,"Non-Ricardian Agents omega High"
"35",0.00403325100245781,0.00407954072729958,0.00383281496899546,-0.000355718888178647,-0.00045720930364664,0,0.00536169022919598,0.00536169022919597,0.00162515683508488,0.00162515683508488,0.00347709606896066,0.00174824614723796,"Non-Ricardian Agents omega High"
"36",0.0038537292465151,0.00389878903704544,0.00365861886913831,-0.000346267311893911,-0.000445061091236265,0,0.00513056595497181,0.00513056595497181,0.00150961899212669,0.00150961899212669,0.00331235154617279,0.00166083383987606,"Non-Ricardian Agents omega High"
"37",0.0036807579988297,0.00372453053637972,0.003491221469263,-0.000336375263489698,-0.000432346735284911,0,0.00490694880775962,0.00490694880775961,0.00140361350143534,0.00140361350143534,0.003154846195426,0.00157779214788225,"Non-Ricardian Agents omega High"
"38",0.00351427546231161,0.00355671931066926,0.00333049220071816,-0.000326164793592045,-0.000419223108771732,0,0.00469090701881331,0.00469090701881331,0.00130625232532137,0.00130625232532137,0.0030043273974482,0.00149890254048814,"Non-Ricardian Agents omega High"
"39",0.00335419381852098,0.00339528120381543,0.00317628408667643,-0.000315740892084731,-0.000405825156320811,0,0.00448245681168938,0.00448245681168938,0.00121673690008111,0.00121673690008111,0.00286054318553306,0.00142395741346373,"Non-Ricardian Agents omega High"
"40",0.00320040371794111,0.00324011857575398,0.00302843707530625,-0.00030519354164589,-0.0003922685336338,0,0.00428157032646015,0.00428157032646015,0.00113434872453568,0.00113434872453568,0.0027232435251752,0.00135275954279055,"Non-Ricardian Agents omega High"
